{
    "loss": 1.8468490839004517,
    "accuracy": 0.6379310488700867
}